method,ARI,AMI,FMI,assigned,batch_effects_removed
scmap...1,0.871360881670761,0.7771990949549807,0.916081522897169,TRUE,FALSE
chetah...2,0.23807678106732333,0.42048762021357855,0.436603136659172,TRUE,FALSE
tscan...3,0.16801215426047458,0.2833078892624725,0.3217880323785206,TRUE,FALSE
scmap...4,0,0,0.4490875292264702,FALSE,FALSE
chetah...5,0.3522414178654298,0.4978844173307464,0.46846461940579825,FALSE,FALSE
tscan...6,0.19533920407858082,0.2867869144479385,0.36471318039538253,FALSE,FALSE
