method,ARI,AMI,FMI,assigned,batch_effects_removed
chetah...1,0.662382497136326,0.5909952824470441,0.7575614115838539,TRUE,FALSE
seurat...2,0.3943142106026975,0.5240403088536275,0.5575661456246248,TRUE,FALSE
chetah...3,NA,NA,NA,FALSE,FALSE
seurat...4,NA,NA,NA,FALSE,FALSE
chetah...5,0.8999147500886242,0.8024204186700228,0.9300362047028287,TRUE,TRUE
seurat...6,0.42483746412441886,0.5871471793637478,0.5857954878773833,TRUE,TRUE
chetah...7,NA,NA,NA,FALSE,TRUE
seurat...8,NA,NA,NA,FALSE,TRUE
