method,ARI,AMI,FMI,quantile
scmap...1,0.527726604816948,0.5798378291799864,0.600135251229828,0.2
chetah...2,0.477633357063974,0.4937272814116826,0.554884438238795,0.2
scmap...3,0.7501855307345578,0.7142614312171083,0.7884566092325044,0.8
chetah...4,0.7417728853274597,0.6684116445790526,0.7819057497145966,0.8
seurat...5,0.5165094785144961,0.6337173058079194,0.593403680460022,0.2
tscan...6,0.12046210072606996,0.1781733594025007,0.26125274813717647,0.2
seurat...7,0.5484360073137813,0.643976287149947,0.6171337364852961,0.8
tscan...8,0.4182038383770264,0.48819426496596596,0.5059568847100515,0.8
