method,ARI,AMI,FMI
scmap,0.6732471763386125,0.6955462362200349,0.7129834565429455
chetah,0.621553999167382,0.6150865575093306,0.6682024395153088
seurat,0.5373554389505584,0.6558903271261096,0.6209942920005503
tscan,0.2841266520989592,0.3835313405904355,0.3975341330955005
