method,ARI,AMI,FMI,assigned
scmap_cluster...1,0.9814554246337186,0.9283188257697947,0.9854260679289126,TRUE
scmap_cell...2,0.976907331766797,0.9084876440544711,0.9818759052390897,TRUE
chetah...3,0.9045142432554298,0.8139234577713521,0.9247545397959976,TRUE
seurat...4,0.8829245070348961,0.8407103116199031,0.9077169319938698,TRUE
scmap_cluster...5,0.3739494286063798,0.3992467968532032,0.4895018142200432,FALSE
scmap_cell...6,0.005874617959420333,0.021558489126186717,0.4415990923721889,FALSE
chetah...7,0.3404531460652788,0.35814373005859274,0.4531718813239916,FALSE
seurat...8,0.32188274528642496,0.3585895892573719,0.5188027999558895,FALSE
