method,ARI,AMI,FMI,assigned
scmap...1,0.7304987282714382,0.7634235537054281,0.764431917563141,TRUE
chetah...2,0.6613147638689267,0.640367219282829,0.7034834473885848,TRUE
seurat...3,0.5460286555908794,0.6711379269365698,0.6263669211826055,TRUE
tscan...4,0.31135780415628683,0.42106890616012765,0.4059833016459214,TRUE
scmap...5,0,0,0.44235157458642793,FALSE
chetah...6,0.18363180726475406,0.29053034338840716,0.3150701453552145,FALSE
seurat...7,0.22013689575236886,0.3006674640095677,0.448171999350181,FALSE
tscan...8,0.12858163921782326,0.21684043043344842,0.309550897668432,FALSE
