method,ARI,AMI,FMI,assigned
scmap...1,0.7304987282714382,0.7634235537054281,0.764431917563141,TRUE
chetah...2,0.6613147638689267,0.640367219282829,0.7034834473885848,TRUE
seurat...3,0.5571647305166331,0.6652719227253534,0.6357238351496816,TRUE
tscan...4,0.2949686946148611,0.39022361945167594,0.4064881058266702,TRUE
scmap...5,0,0,0.44235157458642793,FALSE
chetah...6,0.18363180726475406,0.29053034338840716,0.3150701453552145,FALSE
seurat...7,0.36412216542656295,0.44512622512196987,0.5469620756341239,FALSE
tscan...8,0.15769019684238925,0.27403330581609364,0.345182258103785,FALSE
