method,ARI,AMI,FMI,unlabeled_pctg,assigned
scmap_cluster...1,0.6663430031530858,0.693116230426448,0.7067719840032491,0.085,NA
sc3...2,1,1,1,NA,NA
scmap_cluster...3,0.7495758554851276,0.7747864789661284,0.7812549140534845,NA,TRUE
sc3...4,1,1,1,NA,TRUE
scmap_cluster...5,0,0,0.4604517790378122,NA,FALSE
sc3...6,1,1,1,NA,FALSE
